"https://robohash.org/perferendisundequasi.png?size=50x50&set=set1",
"https://robohash.org/necessitatibusbeataeitaque.png?size=50x50&set=set1",
"https://robohash.org/rerumquisaperiam.png?size=50x50&set=set1",
"https://robohash.org/nullaperferendisnon.png?size=50x50&set=set1",
"https://robohash.org/aliasdoloremquein.png?size=50x50&set=set1",
"https://robohash.org/itaqueautdolor.png?size=50x50&set=set1",
"https://robohash.org/suscipitexpeditafugiat.png?size=50x50&set=set1",
"https://robohash.org/harumsaepedolor.png?size=50x50&set=set1",
"https://robohash.org/voluptatemquodrepellat.png?size=50x50&set=set1",
"https://robohash.org/estatdolorum.png?size=50x50&set=set1",
"https://robohash.org/exercitationemdoloremnon.png?size=50x50&set=set1",
"https://robohash.org/omnisnostrumnobis.png?size=50x50&set=set1",
"https://robohash.org/omnissitquibusdam.png?size=50x50&set=set1",
"https://robohash.org/aliquidvoluptatemconsequatur.png?size=50x50&set=set1",
"https://robohash.org/delectusundeest.png?size=50x50&set=set1",
"https://robohash.org/consequaturrecusandaeblanditiis.png?size=50x50&set=set1",
"https://robohash.org/estquisneque.png?size=50x50&set=set1",
"https://robohash.org/etquiaperiam.png?size=50x50&set=set1",
"https://robohash.org/totamdoloresnon.png?size=50x50&set=set1",
"https://robohash.org/assumendaveliste.png?size=50x50&set=set1",
"https://robohash.org/quonequedolor.png?size=50x50&set=set1",
"https://robohash.org/magniveniamtemporibus.png?size=50x50&set=set1",
"https://robohash.org/consequunturdoloresenim.png?size=50x50&set=set1",
"https://robohash.org/ipsaconsequaturmolestias.png?size=50x50&set=set1",
"https://robohash.org/accusantiumvelincidunt.png?size=50x50&set=set1",
"https://robohash.org/autnisiquasi.png?size=50x50&set=set1",
"https://robohash.org/temporibusquasat.png?size=50x50&set=set1",
"https://robohash.org/repellatofficiablanditiis.png?size=50x50&set=set1",
"https://robohash.org/fugaetfacere.png?size=50x50&set=set1",
"https://robohash.org/laudantiumvelitexcepturi.png?size=50x50&set=set1",
"https://robohash.org/delenitisimiliqueest.png?size=50x50&set=set1",
"https://robohash.org/illosolutaet.png?size=50x50&set=set1",
"https://robohash.org/quivoluptasnatus.png?size=50x50&set=set1",
"https://robohash.org/eteanemo.png?size=50x50&set=set1",
"https://robohash.org/etvoluptatemfacere.png?size=50x50&set=set1",
"https://robohash.org/isteasperioresconsequatur.png?size=50x50&set=set1",
"https://robohash.org/pariaturveniamest.png?size=50x50&set=set1",
"https://robohash.org/quiaodioiusto.png?size=50x50&set=set1",
"https://robohash.org/adnihilerror.png?size=50x50&set=set1",
"https://robohash.org/natusexplicaboquis.png?size=50x50&set=set1",
"https://robohash.org/faciliseosdoloremque.png?size=50x50&set=set1",
"https://robohash.org/etsitneque.png?size=50x50&set=set1",
"https://robohash.org/autemmaioresomnis.png?size=50x50&set=set1",
"https://robohash.org/omnisaccusamuseveniet.png?size=50x50&set=set1",
"https://robohash.org/errorquiavoluptatum.png?size=50x50&set=set1",
"https://robohash.org/praesentiumesseofficiis.png?size=50x50&set=set1",
"https://robohash.org/estfacilisut.png?size=50x50&set=set1",
"https://robohash.org/isteducimuscorrupti.png?size=50x50&set=set1",
"https://robohash.org/esttemporequaerat.png?size=50x50&set=set1",
"https://robohash.org/sintautnecessitatibus.png?size=50x50&set=set1",
"https://robohash.org/accusantiumvoluptatemquam.png?size=50x50&set=set1",
"https://robohash.org/aliquamenimet.png?size=50x50&set=set1",
"https://robohash.org/quaeratnostrumet.png?size=50x50&set=set1",
"https://robohash.org/quiadipiscivoluptate.png?size=50x50&set=set1",
"https://robohash.org/utestiusto.png?size=50x50&set=set1",
"https://robohash.org/enimquiqui.png?size=50x50&set=set1",
"https://robohash.org/nihildoloreset.png?size=50x50&set=set1",
"https://robohash.org/earumexpeditarecusandae.png?size=50x50&set=set1",
"https://robohash.org/natusquisquamvoluptas.png?size=50x50&set=set1",
"https://robohash.org/eosrepellendusnumquam.png?size=50x50&set=set1",
"https://robohash.org/itaquedoloremquia.png?size=50x50&set=set1",
"https://robohash.org/etdolorculpa.png?size=50x50&set=set1",
"https://robohash.org/omnisvelatque.png?size=50x50&set=set1",
"https://robohash.org/excepturiinciduntdelectus.png?size=50x50&set=set1",
"https://robohash.org/totammaximeaspernatur.png?size=50x50&set=set1",
"https://robohash.org/exmodifugit.png?size=50x50&set=set1",
"https://robohash.org/enimvoluptaseligendi.png?size=50x50&set=set1",
"https://robohash.org/doloremqueahic.png?size=50x50&set=set1",
"https://robohash.org/adipisciliberoet.png?size=50x50&set=set1",
"https://robohash.org/eiuslaudantiumet.png?size=50x50&set=set1",
"https://robohash.org/excepturisuscipitsoluta.png?size=50x50&set=set1",
"https://robohash.org/necessitatibusdoloresquis.png?size=50x50&set=set1",
"https://robohash.org/quiaoccaecatisapiente.png?size=50x50&set=set1",
"https://robohash.org/autemadipisciat.png?size=50x50&set=set1",
"https://robohash.org/quasiilloiure.png?size=50x50&set=set1",
"https://robohash.org/iustovitaepariatur.png?size=50x50&set=set1",
"https://robohash.org/solutamodidolor.png?size=50x50&set=set1",
"https://robohash.org/doloresinet.png?size=50x50&set=set1",
"https://robohash.org/quietquia.png?size=50x50&set=set1",
"https://robohash.org/veronesciunthic.png?size=50x50&set=set1",
"https://robohash.org/odioetconsequatur.png?size=50x50&set=set1",
"https://robohash.org/corporisvelitconsequuntur.png?size=50x50&set=set1",
"https://robohash.org/estautemillo.png?size=50x50&set=set1",
"https://robohash.org/maioresvoluptatemreiciendis.png?size=50x50&set=set1",
"https://robohash.org/rerummaioressed.png?size=50x50&set=set1",
"https://robohash.org/abminusquas.png?size=50x50&set=set1",
"https://robohash.org/utminusqui.png?size=50x50&set=set1",
"https://robohash.org/eiussapienteipsam.png?size=50x50&set=set1",
"https://robohash.org/sitquosqui.png?size=50x50&set=set1",
"https://robohash.org/addelenitisapiente.png?size=50x50&set=set1",
"https://robohash.org/aspernaturnisimaxime.png?size=50x50&set=set1",
"https://robohash.org/autaperiamvel.png?size=50x50&set=set1",
"https://robohash.org/quiimpeditodit.png?size=50x50&set=set1",
"https://robohash.org/consequuntureosenim.png?size=50x50&set=set1",
"https://robohash.org/perferendisnecessitatibusdoloremque.png?size=50x50&set=set1",
"https://robohash.org/quoaconsectetur.png?size=50x50&set=set1",
"https://robohash.org/expeditaconsequunturitaque.png?size=50x50&set=set1",
"https://robohash.org/veroestenim.png?size=50x50&set=set1",
"https://robohash.org/perspiciatisoditaut.png?size=50x50&set=set1",
"https://robohash.org/remmagnamat.png?size=50x50&set=set1",
"https://robohash.org/etomnisest.png?size=50x50&set=set1",
"https://robohash.org/nonundesint.png?size=50x50&set=set1",
"https://robohash.org/architectovoluptaset.png?size=50x50&set=set1",
"https://robohash.org/dolorumconsequaturminima.png?size=50x50&set=set1",
"https://robohash.org/autetest.png?size=50x50&set=set1",
"https://robohash.org/consequaturdelectusperferendis.png?size=50x50&set=set1",
"https://robohash.org/quoetut.png?size=50x50&set=set1",
"https://robohash.org/faciliseumqui.png?size=50x50&set=set1",
"https://robohash.org/nequedoloremaxime.png?size=50x50&set=set1",
"https://robohash.org/aliquidprovidentquasi.png?size=50x50&set=set1",
"https://robohash.org/ullamculpaconsequuntur.png?size=50x50&set=set1",
"https://robohash.org/eumnecessitatibuslaborum.png?size=50x50&set=set1",
"https://robohash.org/isteofficiadolor.png?size=50x50&set=set1",
"https://robohash.org/repellatsolutalabore.png?size=50x50&set=set1",
"https://robohash.org/doloreanimisunt.png?size=50x50&set=set1",
"https://robohash.org/quiquiaconsectetur.png?size=50x50&set=set1",
"https://robohash.org/nullaquosut.png?size=50x50&set=set1",
"https://robohash.org/beataequoaut.png?size=50x50&set=set1",
"https://robohash.org/oditquaererum.png?size=50x50&set=set1",
"https://robohash.org/ealaborevoluptas.png?size=50x50&set=set1",
"https://robohash.org/dictamolestiaeanimi.png?size=50x50&set=set1",
"https://robohash.org/velitaquequi.png?size=50x50&set=set1",
"https://robohash.org/totamvoluptatemcupiditate.png?size=50x50&set=set1",
"https://robohash.org/inventoreetsint.png?size=50x50&set=set1",
"https://robohash.org/minimaaccusamussit.png?size=50x50&set=set1",
"https://robohash.org/velitcorruptiaperiam.png?size=50x50&set=set1",
"https://robohash.org/autquipraesentium.png?size=50x50&set=set1",
"https://robohash.org/quoodiovoluptas.png?size=50x50&set=set1",
"https://robohash.org/dolorcommodifugit.png?size=50x50&set=set1",
"https://robohash.org/quifaceredoloribus.png?size=50x50&set=set1",
"https://robohash.org/rerumquibusdamanimi.png?size=50x50&set=set1",
"https://robohash.org/earumtemporibussaepe.png?size=50x50&set=set1",
"https://robohash.org/ullamanimimolestiae.png?size=50x50&set=set1",
"https://robohash.org/maioresveniamfacilis.png?size=50x50&set=set1",
"https://robohash.org/porroipsumassumenda.png?size=50x50&set=set1",
"https://robohash.org/perferendisaliquameos.png?size=50x50&set=set1",
"https://robohash.org/reprehenderitculpaquisquam.png?size=50x50&set=set1",
"https://robohash.org/etidtotam.png?size=50x50&set=set1",
"https://robohash.org/autipsumest.png?size=50x50&set=set1",
"https://robohash.org/reprehenderitcumqui.png?size=50x50&set=set1",
"https://robohash.org/sapientesuscipitut.png?size=50x50&set=set1",
"https://robohash.org/consequaturminimaad.png?size=50x50&set=set1",
"https://robohash.org/delenitidolorumoptio.png?size=50x50&set=set1",
"https://robohash.org/voluptasipsamaperiam.png?size=50x50&set=set1",
"https://robohash.org/nisiquoofficia.png?size=50x50&set=set1",
"https://robohash.org/rerumquisquo.png?size=50x50&set=set1",
"https://robohash.org/nequeasperiorescumque.png?size=50x50&set=set1",
"https://robohash.org/abquoanimi.png?size=50x50&set=set1",
"https://robohash.org/sapienteporrofuga.png?size=50x50&set=set1",
"https://robohash.org/magnamdolorumquos.png?size=50x50&set=set1",
"https://robohash.org/explicaboaliquidnihil.png?size=50x50&set=set1",
"https://robohash.org/quiaquasveritatis.png?size=50x50&set=set1",
"https://robohash.org/voluptatequassed.png?size=50x50&set=set1",
"https://robohash.org/illummagnivelit.png?size=50x50&set=set1",
"https://robohash.org/estquaeratminus.png?size=50x50&set=set1",
"https://robohash.org/iuremolestiaenobis.png?size=50x50&set=set1",
"https://robohash.org/voluptatumdolorut.png?size=50x50&set=set1",
"https://robohash.org/etquoquaerat.png?size=50x50&set=set1",
"https://robohash.org/autfacerequia.png?size=50x50&set=set1",
"https://robohash.org/eaiuresit.png?size=50x50&set=set1",
"https://robohash.org/repellendusexercitationemeum.png?size=50x50&set=set1",
"https://robohash.org/reiciendisexcepturitemporibus.png?size=50x50&set=set1",
"https://robohash.org/laudantiumconsequaturut.png?size=50x50&set=set1",
"https://robohash.org/delectusquasconsequatur.png?size=50x50&set=set1",
"https://robohash.org/sintaccusamuscorporis.png?size=50x50&set=set1",
"https://robohash.org/autautipsa.png?size=50x50&set=set1",
"https://robohash.org/solutaveritatisarchitecto.png?size=50x50&set=set1",
"https://robohash.org/fugitutsequi.png?size=50x50&set=set1",
"https://robohash.org/repellendusutmolestiae.png?size=50x50&set=set1",
"https://robohash.org/quaequodaperiam.png?size=50x50&set=set1",
"https://robohash.org/sitsaepelaboriosam.png?size=50x50&set=set1",
"https://robohash.org/adipiscimaximeoccaecati.png?size=50x50&set=set1",
"https://robohash.org/sitvoluptatequidem.png?size=50x50&set=set1",
"https://robohash.org/doloreeummaiores.png?size=50x50&set=set1",
"https://robohash.org/remdolorprovident.png?size=50x50&set=set1",
"https://robohash.org/velitrerumin.png?size=50x50&set=set1",
"https://robohash.org/molestiaeofficiaperferendis.png?size=50x50&set=set1",
"https://robohash.org/porrotemporeomnis.png?size=50x50&set=set1",
"https://robohash.org/doloretharum.png?size=50x50&set=set1",
"https://robohash.org/sitsaepererum.png?size=50x50&set=set1",
"https://robohash.org/autsaepeexpedita.png?size=50x50&set=set1",
"https://robohash.org/liberoquasomnis.png?size=50x50&set=set1",
"https://robohash.org/deseruntvoluptatibusperspiciatis.png?size=50x50&set=set1",
"https://robohash.org/commodirerummolestiae.png?size=50x50&set=set1",
"https://robohash.org/culpaidenim.png?size=50x50&set=set1",
"https://robohash.org/eteaest.png?size=50x50&set=set1",
"https://robohash.org/numquamdelectuscum.png?size=50x50&set=set1",
"https://robohash.org/nihilconsecteturvel.png?size=50x50&set=set1",
"https://robohash.org/molestiascumtempora.png?size=50x50&set=set1",
"https://robohash.org/eaatquequi.png?size=50x50&set=set1",
"https://robohash.org/nihilteneturtotam.png?size=50x50&set=set1",
"https://robohash.org/quisquamautfugiat.png?size=50x50&set=set1",
"https://robohash.org/sitautsint.png?size=50x50&set=set1",
"https://robohash.org/voluptatumenimquibusdam.png?size=50x50&set=set1",
"https://robohash.org/etsuntrerum.png?size=50x50&set=set1",
"https://robohash.org/nulladoloresquas.png?size=50x50&set=set1",
"https://robohash.org/recusandaetemporased.png?size=50x50&set=set1",
"https://robohash.org/delectusdistinctiovoluptas.png?size=50x50&set=set1",
"https://robohash.org/evenieteniminventore.png?size=50x50&set=set1",
"https://robohash.org/quiavelexercitationem.png?size=50x50&set=set1",
"https://robohash.org/repellendusmaximearchitecto.png?size=50x50&set=set1",
"https://robohash.org/nostrumaccusamussapiente.png?size=50x50&set=set1",
"https://robohash.org/doloremconsecteturnon.png?size=50x50&set=set1",
"https://robohash.org/minusexplicaboquia.png?size=50x50&set=set1",
"https://robohash.org/consequaturaeum.png?size=50x50&set=set1",
"https://robohash.org/providentvoluptasvoluptates.png?size=50x50&set=set1",
"https://robohash.org/rationedignissimosmolestiae.png?size=50x50&set=set1",
"https://robohash.org/accusantiumvoluptateaut.png?size=50x50&set=set1",
"https://robohash.org/estvoluptatemrem.png?size=50x50&set=set1",
"https://robohash.org/saepedoloresquo.png?size=50x50&set=set1",
"https://robohash.org/doloremauteminventore.png?size=50x50&set=set1",
"https://robohash.org/etnostrumblanditiis.png?size=50x50&set=set1",
"https://robohash.org/culpaarchitectoomnis.png?size=50x50&set=set1",
"https://robohash.org/deseruntquout.png?size=50x50&set=set1",
"https://robohash.org/sitenimfacilis.png?size=50x50&set=set1",
"https://robohash.org/ipsumsitexpedita.png?size=50x50&set=set1",
"https://robohash.org/omnissuscipitin.png?size=50x50&set=set1",
"https://robohash.org/quasiestqui.png?size=50x50&set=set1",
"https://robohash.org/abquaeratlabore.png?size=50x50&set=set1",
"https://robohash.org/quiscumdolores.png?size=50x50&set=set1",
"https://robohash.org/rerumfacererepellendus.png?size=50x50&set=set1",
"https://robohash.org/utquaemaxime.png?size=50x50&set=set1",
"https://robohash.org/etestdelectus.png?size=50x50&set=set1",
"https://robohash.org/illumsuscipitvitae.png?size=50x50&set=set1",
"https://robohash.org/accusamusporroodio.png?size=50x50&set=set1",
"https://robohash.org/inciduntsolutaquisquam.png?size=50x50&set=set1",
"https://robohash.org/quoddoloresquaerat.png?size=50x50&set=set1",
"https://robohash.org/quassequinatus.png?size=50x50&set=set1",
"https://robohash.org/quiquiet.png?size=50x50&set=set1",
"https://robohash.org/autreprehenderitnecessitatibus.png?size=50x50&set=set1",
"https://robohash.org/voluptateprovidentfacere.png?size=50x50&set=set1",
"https://robohash.org/velitpraesentiumlabore.png?size=50x50&set=set1",
"https://robohash.org/iustoquiarerum.png?size=50x50&set=set1",
"https://robohash.org/undeetut.png?size=50x50&set=set1",
"https://robohash.org/quisquamporroanimi.png?size=50x50&set=set1",
"https://robohash.org/cumaccusamusvoluptas.png?size=50x50&set=set1",
"https://robohash.org/minusmaximesunt.png?size=50x50&set=set1",
"https://robohash.org/autpraesentiumrepellat.png?size=50x50&set=set1",
"https://robohash.org/dolorestemporibussed.png?size=50x50&set=set1",
"https://robohash.org/sedconsequaturvoluptas.png?size=50x50&set=set1",
"https://robohash.org/doloribusmodivoluptatem.png?size=50x50&set=set1",
"https://robohash.org/quiexercitationemsuscipit.png?size=50x50&set=set1",
"https://robohash.org/errorfugiataut.png?size=50x50&set=set1",
"https://robohash.org/uteaquetempora.png?size=50x50&set=set1",
"https://robohash.org/exnesciuntdeserunt.png?size=50x50&set=set1",
"https://robohash.org/hiclaboriosampraesentium.png?size=50x50&set=set1",
"https://robohash.org/necessitatibussolutadoloremque.png?size=50x50&set=set1",
"https://robohash.org/quiatemporein.png?size=50x50&set=set1",
"https://robohash.org/velitquaeratimpedit.png?size=50x50&set=set1",
"https://robohash.org/eumutmaxime.png?size=50x50&set=set1",
"https://robohash.org/harumquiest.png?size=50x50&set=set1",
"https://robohash.org/etlaudantiumofficia.png?size=50x50&set=set1",
"https://robohash.org/inculpasaepe.png?size=50x50&set=set1",
"https://robohash.org/nisireprehenderitut.png?size=50x50&set=set1",
"https://robohash.org/quosnequeest.png?size=50x50&set=set1",
"https://robohash.org/illumcorporisdolores.png?size=50x50&set=set1",
"https://robohash.org/nihilsolutaconsectetur.png?size=50x50&set=set1",
"https://robohash.org/natusducimusaliquam.png?size=50x50&set=set1",
"https://robohash.org/velitprovidentaut.png?size=50x50&set=set1",
"https://robohash.org/quiconsequunturet.png?size=50x50&set=set1",
"https://robohash.org/quicorporisnumquam.png?size=50x50&set=set1",
"https://robohash.org/laborumreiciendisminus.png?size=50x50&set=set1",
"https://robohash.org/rerumpossimusnumquam.png?size=50x50&set=set1",
"https://robohash.org/voluptasidnihil.png?size=50x50&set=set1",
"https://robohash.org/modiadea.png?size=50x50&set=set1",
"https://robohash.org/iustorerumcumque.png?size=50x50&set=set1",
"https://robohash.org/voluptatemassumendaaliquid.png?size=50x50&set=set1",
"https://robohash.org/quovoluptatemqui.png?size=50x50&set=set1",
"https://robohash.org/fugiatmolestiaetempore.png?size=50x50&set=set1",
"https://robohash.org/eummolestiaein.png?size=50x50&set=set1",
"https://robohash.org/eosquocorporis.png?size=50x50&set=set1",
"https://robohash.org/voluptatemrerumveniam.png?size=50x50&set=set1",
"https://robohash.org/odioconsequunturplaceat.png?size=50x50&set=set1",
"https://robohash.org/occaecatienimsint.png?size=50x50&set=set1",
"https://robohash.org/consequunturplaceataut.png?size=50x50&set=set1",
"https://robohash.org/similiquequodomnis.png?size=50x50&set=set1",
"https://robohash.org/quiavelvoluptatibus.png?size=50x50&set=set1",
"https://robohash.org/omnisetrem.png?size=50x50&set=set1",
"https://robohash.org/molestiasquoexcepturi.png?size=50x50&set=set1",
"https://robohash.org/ipsaautaut.png?size=50x50&set=set1",
"https://robohash.org/illoerroreveniet.png?size=50x50&set=set1",
"https://robohash.org/doloresteneturet.png?size=50x50&set=set1",
"https://robohash.org/magnimaximerepudiandae.png?size=50x50&set=set1",
"https://robohash.org/velcupiditaterepellendus.png?size=50x50&set=set1",
"https://robohash.org/quiundeerror.png?size=50x50&set=set1",
"https://robohash.org/odiopariaturvitae.png?size=50x50&set=set1",
"https://robohash.org/etetquisquam.png?size=50x50&set=set1",
"https://robohash.org/quominimatotam.png?size=50x50&set=set1",
"https://robohash.org/quodmodiconsequuntur.png?size=50x50&set=set1",
"https://robohash.org/voluptatemharumeaque.png?size=50x50&set=set1",
"https://robohash.org/occaecatiquosenim.png?size=50x50&set=set1",
"https://robohash.org/inciduntvoluptasratione.png?size=50x50&set=set1",
"https://robohash.org/ettotamodit.png?size=50x50&set=set1",
"https://robohash.org/quiadoloremblanditiis.png?size=50x50&set=set1",
"https://robohash.org/essedeseruntvoluptate.png?size=50x50&set=set1",
"https://robohash.org/evenietasperioresvoluptates.png?size=50x50&set=set1",
"https://robohash.org/veroquasofficia.png?size=50x50&set=set1",
"https://robohash.org/porroteneturculpa.png?size=50x50&set=set1",
"https://robohash.org/aliasabmagnam.png?size=50x50&set=set1",
"https://robohash.org/deseruntrepellatdeleniti.png?size=50x50&set=set1",
"https://robohash.org/quassedet.png?size=50x50&set=set1",
"https://robohash.org/sequiipsaenim.png?size=50x50&set=set1",
"https://robohash.org/quaeratnumquamet.png?size=50x50&set=set1",
"https://robohash.org/hictemporatempore.png?size=50x50&set=set1",
"https://robohash.org/similiquecorruptipossimus.png?size=50x50&set=set1",
"https://robohash.org/odioteneturet.png?size=50x50&set=set1",
"https://robohash.org/liberonecessitatibussequi.png?size=50x50&set=set1",
"https://robohash.org/nonlaborumharum.png?size=50x50&set=set1",
"https://robohash.org/cumquinam.png?size=50x50&set=set1",
"https://robohash.org/etnobisquibusdam.png?size=50x50&set=set1",
"https://robohash.org/etlaboriosamaccusamus.png?size=50x50&set=set1",
"https://robohash.org/ametaliquamdignissimos.png?size=50x50&set=set1",
"https://robohash.org/utmolestiaesuscipit.png?size=50x50&set=set1",
"https://robohash.org/quoscommodiratione.png?size=50x50&set=set1",
"https://robohash.org/corporisoptiofacere.png?size=50x50&set=set1",
"https://robohash.org/minuseaquaerat.png?size=50x50&set=set1",
"https://robohash.org/doloremutquia.png?size=50x50&set=set1",
"https://robohash.org/saepevoluptatemomnis.png?size=50x50&set=set1",
"https://robohash.org/maioresestvelit.png?size=50x50&set=set1",
"https://robohash.org/quimaioresquam.png?size=50x50&set=set1",
"https://robohash.org/utnecessitatibusillum.png?size=50x50&set=set1",
"https://robohash.org/enimaccusantiumdolores.png?size=50x50&set=set1",
"https://robohash.org/rerumconsequaturratione.png?size=50x50&set=set1",
"https://robohash.org/minusmolestiaeet.png?size=50x50&set=set1",
"https://robohash.org/odioimpedittempora.png?size=50x50&set=set1",
"https://robohash.org/consequaturquasquis.png?size=50x50&set=set1",
"https://robohash.org/laboriosamilloquae.png?size=50x50&set=set1",
"https://robohash.org/quodnemoconsequatur.png?size=50x50&set=set1",
"https://robohash.org/animisitat.png?size=50x50&set=set1",
"https://robohash.org/sedquisaut.png?size=50x50&set=set1",
"https://robohash.org/officiisdelenitinon.png?size=50x50&set=set1",
"https://robohash.org/ullamdignissimosut.png?size=50x50&set=set1",
"https://robohash.org/voluptatemminimavoluptates.png?size=50x50&set=set1",
"https://robohash.org/laborumsequiautem.png?size=50x50&set=set1",
"https://robohash.org/etsitsed.png?size=50x50&set=set1",
"https://robohash.org/quiomnisnulla.png?size=50x50&set=set1",
"https://robohash.org/voluptasminimaullam.png?size=50x50&set=set1",
"https://robohash.org/ametadconsequatur.png?size=50x50&set=set1",
"https://robohash.org/sitminimaut.png?size=50x50&set=set1",
"https://robohash.org/undeinciduntreprehenderit.png?size=50x50&set=set1",
"https://robohash.org/autvitaeexplicabo.png?size=50x50&set=set1",
"https://robohash.org/possimusliberoest.png?size=50x50&set=set1",
"https://robohash.org/doloreslaboreaut.png?size=50x50&set=set1",
"https://robohash.org/consecteturfacereest.png?size=50x50&set=set1",
"https://robohash.org/rerumcumquemollitia.png?size=50x50&set=set1",
"https://robohash.org/autaspernaturmolestiae.png?size=50x50&set=set1",
"https://robohash.org/doloripsamodit.png?size=50x50&set=set1",
"https://robohash.org/earumipsasit.png?size=50x50&set=set1",
"https://robohash.org/velitquamrerum.png?size=50x50&set=set1",
"https://robohash.org/quisquamprovidentet.png?size=50x50&set=set1",
"https://robohash.org/nesciuntdoloressint.png?size=50x50&set=set1",
"https://robohash.org/minusplaceaterror.png?size=50x50&set=set1",
"https://robohash.org/voluptatuminciduntenim.png?size=50x50&set=set1",
"https://robohash.org/repellendusvoluptatumat.png?size=50x50&set=set1",
"https://robohash.org/eosaspernaturipsum.png?size=50x50&set=set1",
"https://robohash.org/consequaturutmolestiae.png?size=50x50&set=set1",
"https://robohash.org/etquisnemo.png?size=50x50&set=set1",
"https://robohash.org/natusassumendablanditiis.png?size=50x50&set=set1",
"https://robohash.org/etquamvel.png?size=50x50&set=set1",
"https://robohash.org/nisiofficiaalias.png?size=50x50&set=set1",
"https://robohash.org/vitaesitexcepturi.png?size=50x50&set=set1",
"https://robohash.org/odiomagnierror.png?size=50x50&set=set1",
"https://robohash.org/illumeaet.png?size=50x50&set=set1",
"https://robohash.org/nobisquaequia.png?size=50x50&set=set1",
"https://robohash.org/aliquamsitdicta.png?size=50x50&set=set1",
"https://robohash.org/sequiblanditiisid.png?size=50x50&set=set1",
"https://robohash.org/sedcorruptiet.png?size=50x50&set=set1",
"https://robohash.org/itaquequiodio.png?size=50x50&set=set1",
"https://robohash.org/occaecatisitvitae.png?size=50x50&set=set1",
"https://robohash.org/voluptatedoloresexercitationem.png?size=50x50&set=set1",
"https://robohash.org/quianemotempore.png?size=50x50&set=set1",
"https://robohash.org/eoslaudantiumrem.png?size=50x50&set=set1",
"https://robohash.org/istedoloremeos.png?size=50x50&set=set1",
"https://robohash.org/commodiexercitationemsunt.png?size=50x50&set=set1",
"https://robohash.org/sitearumrerum.png?size=50x50&set=set1",
"https://robohash.org/quoquaeratnon.png?size=50x50&set=set1",
"https://robohash.org/facilisdoloreos.png?size=50x50&set=set1",
"https://robohash.org/occaecativeritatislaudantium.png?size=50x50&set=set1",
"https://robohash.org/modivoluptatesvel.png?size=50x50&set=set1",
"https://robohash.org/eiusbeataeimpedit.png?size=50x50&set=set1",
"https://robohash.org/laboriosamquiaaliquam.png?size=50x50&set=set1",
"https://robohash.org/maioresvitaeet.png?size=50x50&set=set1",
"https://robohash.org/optioeligendiest.png?size=50x50&set=set1",
"https://robohash.org/estetdolorem.png?size=50x50&set=set1",
"https://robohash.org/saepeametquos.png?size=50x50&set=set1",
"https://robohash.org/minimasapientetotam.png?size=50x50&set=set1",
"https://robohash.org/reiciendisminusad.png?size=50x50&set=set1",
"https://robohash.org/quoseavelit.png?size=50x50&set=set1",
"https://robohash.org/dolorcorporisomnis.png?size=50x50&set=set1",
"https://robohash.org/officiaestvelit.png?size=50x50&set=set1",
"https://robohash.org/nullareiciendismagnam.png?size=50x50&set=set1",
"https://robohash.org/corporisipsamet.png?size=50x50&set=set1",
"https://robohash.org/voluptasdebitisblanditiis.png?size=50x50&set=set1",
"https://robohash.org/temporevelitfugit.png?size=50x50&set=set1",
"https://robohash.org/voluptatemetasperiores.png?size=50x50&set=set1",
"https://robohash.org/omnisveritatisdoloribus.png?size=50x50&set=set1",
"https://robohash.org/occaecatinatussoluta.png?size=50x50&set=set1",
"https://robohash.org/ducimussuscipitmolestias.png?size=50x50&set=set1",
"https://robohash.org/cumqueassumendaperspiciatis.png?size=50x50&set=set1",
"https://robohash.org/nobisblanditiisdolorem.png?size=50x50&set=set1",
"https://robohash.org/quaeenimquidem.png?size=50x50&set=set1",
"https://robohash.org/consequatursednon.png?size=50x50&set=set1",
"https://robohash.org/rerumrerumtotam.png?size=50x50&set=set1",
"https://robohash.org/pariaturinventorequi.png?size=50x50&set=set1",
"https://robohash.org/doloribusquiarepellendus.png?size=50x50&set=set1",
"https://robohash.org/abarchitectodicta.png?size=50x50&set=set1",
"https://robohash.org/doloreslaboriosamsint.png?size=50x50&set=set1",
"https://robohash.org/eaquetotameum.png?size=50x50&set=set1",
"https://robohash.org/sitculpaquaerat.png?size=50x50&set=set1",
"https://robohash.org/ineiusexcepturi.png?size=50x50&set=set1",
"https://robohash.org/natusdeseruntalias.png?size=50x50&set=set1",
"https://robohash.org/abodioassumenda.png?size=50x50&set=set1",
"https://robohash.org/quiearumest.png?size=50x50&set=set1",
"https://robohash.org/laudantiumremvoluptatem.png?size=50x50&set=set1",
"https://robohash.org/sequinullasit.png?size=50x50&set=set1",
"https://robohash.org/utsintexcepturi.png?size=50x50&set=set1",
"https://robohash.org/eosaccusantiumaut.png?size=50x50&set=set1",
"https://robohash.org/idlaborevoluptatem.png?size=50x50&set=set1",
"https://robohash.org/velremut.png?size=50x50&set=set1",
"https://robohash.org/cumeumquo.png?size=50x50&set=set1",
"https://robohash.org/abutquas.png?size=50x50&set=set1",
"https://robohash.org/voluptatesofficiaporro.png?size=50x50&set=set1",
"https://robohash.org/numquampariatursit.png?size=50x50&set=set1",
"https://robohash.org/repellatnumquamaut.png?size=50x50&set=set1",
"https://robohash.org/illoeaet.png?size=50x50&set=set1",
"https://robohash.org/hiclaboriosamest.png?size=50x50&set=set1",
"https://robohash.org/temporequoexplicabo.png?size=50x50&set=set1",
"https://robohash.org/utconsequaturqui.png?size=50x50&set=set1",
"https://robohash.org/etsequiab.png?size=50x50&set=set1",
"https://robohash.org/saeperepellendusquaerat.png?size=50x50&set=set1",
"https://robohash.org/dolorereprehenderiteligendi.png?size=50x50&set=set1",
"https://robohash.org/assumendarationelaudantium.png?size=50x50&set=set1",
"https://robohash.org/doloribusplaceattempore.png?size=50x50&set=set1",
"https://robohash.org/adipiscireprehenderitsint.png?size=50x50&set=set1",
"https://robohash.org/ullamautaut.png?size=50x50&set=set1",
"https://robohash.org/officiaminusvoluptatem.png?size=50x50&set=set1",
"https://robohash.org/consequunturteneturneque.png?size=50x50&set=set1",
"https://robohash.org/utullamsequi.png?size=50x50&set=set1",
"https://robohash.org/sitexcepturieos.png?size=50x50&set=set1",
"https://robohash.org/iurequiavoluptatum.png?size=50x50&set=set1",
"https://robohash.org/nobisnostrumpraesentium.png?size=50x50&set=set1",
"https://robohash.org/expeditamagniut.png?size=50x50&set=set1",
"https://robohash.org/quassitautem.png?size=50x50&set=set1",
"https://robohash.org/doloremconsecteturenim.png?size=50x50&set=set1",
"https://robohash.org/consequunturnisiharum.png?size=50x50&set=set1",
"https://robohash.org/doloraccusantiumsuscipit.png?size=50x50&set=set1",
"https://robohash.org/esteaullam.png?size=50x50&set=set1",
"https://robohash.org/providentdoloresapiente.png?size=50x50&set=set1",
"https://robohash.org/nondolorumiure.png?size=50x50&set=set1",
"https://robohash.org/doloreautdignissimos.png?size=50x50&set=set1",
"https://robohash.org/idsedsoluta.png?size=50x50&set=set1",
"https://robohash.org/hicculpadolore.png?size=50x50&set=set1",
"https://robohash.org/occaecatidelenitidolor.png?size=50x50&set=set1",
"https://robohash.org/expeditaquiamagni.png?size=50x50&set=set1",
"https://robohash.org/numquamrepellendusdeleniti.png?size=50x50&set=set1",
"https://robohash.org/architectoenimnostrum.png?size=50x50&set=set1",
"https://robohash.org/dolorumducimuserror.png?size=50x50&set=set1",
"https://robohash.org/officiispariaturdolore.png?size=50x50&set=set1",
"https://robohash.org/quidoloribusrepellat.png?size=50x50&set=set1",
"https://robohash.org/suscipitipsaveritatis.png?size=50x50&set=set1",
"https://robohash.org/inventoreadunde.png?size=50x50&set=set1",
"https://robohash.org/voluptassuntin.png?size=50x50&set=set1",
"https://robohash.org/utdoloremquesunt.png?size=50x50&set=set1",
"https://robohash.org/ullamnonmodi.png?size=50x50&set=set1",
"https://robohash.org/quietqui.png?size=50x50&set=set1",
"https://robohash.org/magnamquidemadipisci.png?size=50x50&set=set1",
"https://robohash.org/evenietquiafugiat.png?size=50x50&set=set1",
"https://robohash.org/atdoloret.png?size=50x50&set=set1",
"https://robohash.org/quaeratsolutablanditiis.png?size=50x50&set=set1",
"https://robohash.org/quonihilamet.png?size=50x50&set=set1",
"https://robohash.org/quaerataditaque.png?size=50x50&set=set1",
"https://robohash.org/vitaevoluptatemsaepe.png?size=50x50&set=set1",
"https://robohash.org/accusantiumvoluptatemrerum.png?size=50x50&set=set1",
"https://robohash.org/perferendisomnisa.png?size=50x50&set=set1",
"https://robohash.org/temporeetut.png?size=50x50&set=set1",
"https://robohash.org/dictanonet.png?size=50x50&set=set1",
"https://robohash.org/iddoloremquequas.png?size=50x50&set=set1",
"https://robohash.org/quivoluptatumaut.png?size=50x50&set=set1",
"https://robohash.org/rerumesteaque.png?size=50x50&set=set1",
"https://robohash.org/officiisundemollitia.png?size=50x50&set=set1",
"https://robohash.org/molestiaesuntvoluptatem.png?size=50x50&set=set1",
"https://robohash.org/nonnobisassumenda.png?size=50x50&set=set1",
"https://robohash.org/nisicommodidolorem.png?size=50x50&set=set1",
"https://robohash.org/rationenumquamconsequatur.png?size=50x50&set=set1",
"https://robohash.org/corporisquieius.png?size=50x50&set=set1",
"https://robohash.org/earumfugitest.png?size=50x50&set=set1",
"https://robohash.org/sintetminima.png?size=50x50&set=set1",
"https://robohash.org/sintadmaxime.png?size=50x50&set=set1",
"https://robohash.org/sitdoloresaut.png?size=50x50&set=set1",
"https://robohash.org/facilistemporeplaceat.png?size=50x50&set=set1",
"https://robohash.org/nequevelfacilis.png?size=50x50&set=set1",
"https://robohash.org/remsitesse.png?size=50x50&set=set1",
"https://robohash.org/temporibusquisipsa.png?size=50x50&set=set1",
"https://robohash.org/essenesciuntnostrum.png?size=50x50&set=set1",
"https://robohash.org/officiaquiaenim.png?size=50x50&set=set1",
"https://robohash.org/exsuntperspiciatis.png?size=50x50&set=set1",
"https://robohash.org/quasitaqueipsam.png?size=50x50&set=set1",
"https://robohash.org/animieavoluptatum.png?size=50x50&set=set1",
"https://robohash.org/ipsumrepudiandaealiquam.png?size=50x50&set=set1",
"https://robohash.org/alaborumsit.png?size=50x50&set=set1",
